evidence_id	edge_id	evidence_type	method	score	reference	source	source_version	fetch_date
ev_00f1c4c064075afef1bc	rpi_5cea50be2dc58618	rna_protein_interaction	reference_backed_record		A1CF:CH2	starBase	ENCORI_API_RBPTarget_hg38_mRNA_clipExpNum_ge_1_target_all_cellType_all	2026-04-12
ev_011cf11c808fa8f71a3f	rpi_5207e9578b663144	rna_protein_interaction	reference_backed_record		A1CF:CH3	starBase	ENCORI_API_RBPTarget_hg38_mRNA_clipExpNum_ge_1_target_all_cellType_all	2026-04-12
ev_0157e38d079a52f66f34	rpi_fb4f55b7befa6d0d	rna_protein_interaction	reference_backed_record		AATF:CH253	starBase	ENCORI_API_RBPTarget_hg38_mRNA_clipExpNum_ge_1_target_all_cellType_all	2026-04-12
ev_0263f229e59b3d2fe534	rpi_a32410603e78a8f8	rna_protein_interaction	reference_backed_record		AATF:CH332	starBase	ENCORI_API_RBPTarget_hg38_mRNA_clipExpNum_ge_1_target_all_cellType_all	2026-04-12
ev_02a68cb0b62dd36f33b9	rpi_4cfa7dc1f0d81d9a	rna_protein_interaction	reference_backed_record		AATF:CH474	starBase	ENCORI_API_RBPTarget_hg38_mRNA_clipExpNum_ge_1_target_all_cellType_all	2026-04-12
ev_03dd8c87cfc0ef4c0fb8	rpi_336e7f655338ea11	rna_protein_interaction	reference_backed_record		A1CF:CH52	starBase	ENCORI_API_RBPTarget_hg38_mRNA_clipExpNum_ge_1_target_all_cellType_all	2026-04-12
ev_058731e48b7e70c37dfb	rpi_d93038b53e77c70e	rna_protein_interaction	reference_backed_record		A1CF:CH4	starBase	ENCORI_API_RBPTarget_hg38_mRNA_clipExpNum_ge_1_target_all_cellType_all	2026-04-12
ev_05a8fc060cf0ba814cfc	rpi_1f773bb4025e08d5	rna_protein_interaction	reference_backed_record		A1CF:CH51	starBase	ENCORI_API_RBPTarget_hg38_mRNA_clipExpNum_ge_1_target_all_cellType_all	2026-04-12
ev_05d736ad22eb1b80ebb5	rpi_3f866040fa7ef60a	rna_protein_interaction	reference_backed_record		A1CF:CH66	starBase	ENCORI_API_RBPTarget_hg38_mRNA_clipExpNum_ge_1_target_all_cellType_all	2026-04-12
ev_05f2f2fce2b58d6e04c0	rpi_4cfa7dc1f0d81d9a	rna_protein_interaction	reference_backed_record		AATF:CH473	starBase	ENCORI_API_RBPTarget_hg38_mRNA_clipExpNum_ge_1_target_all_cellType_all	2026-04-12
ev_0e5319e5a6edc80bdde7	rpi_a20d0f9ed581d04f	rna_protein_interaction	reference_backed_record		AATF:CH107	starBase	ENCORI_API_RBPTarget_hg38_mRNA_clipExpNum_ge_1_target_all_cellType_all	2026-04-12
ev_10799aa8af533d0472f5	rpi_df9be16f67ea0b87	rna_protein_interaction	reference_backed_record		AATF:CH435	starBase	ENCORI_API_RBPTarget_hg38_mRNA_clipExpNum_ge_1_target_all_cellType_all	2026-04-12
ev_1234d179013b983c8979	rpi_19e7bb2762ddf6c6	rna_protein_interaction	reference_backed_record		A1CF:CH15	starBase	ENCORI_API_RBPTarget_hg38_mRNA_clipExpNum_ge_1_target_all_cellType_all	2026-04-12
ev_12ab03832dd63190a18a	rpi_b20ceac5318f8535	rna_protein_interaction	reference_backed_record		A1CF:CH38	starBase	ENCORI_API_RBPTarget_hg38_mRNA_clipExpNum_ge_1_target_all_cellType_all	2026-04-12
ev_13f7981df00f094d8527	rpi_0d58a3a2492439da	rna_protein_interaction	reference_backed_record		AATF:CH399	starBase	ENCORI_API_RBPTarget_hg38_mRNA_clipExpNum_ge_1_target_all_cellType_all	2026-04-12
ev_146d8554250e9621ae4f	rpi_673967d38379b5ce	rna_protein_interaction	reference_backed_record		AATF:CH33	starBase	ENCORI_API_RBPTarget_hg38_mRNA_clipExpNum_ge_1_target_all_cellType_all	2026-04-12
ev_1605864c7ad3b4040788	rpi_41f630f81113b0c8	rna_protein_interaction	reference_backed_record		AATF:CH124	starBase	ENCORI_API_RBPTarget_hg38_mRNA_clipExpNum_ge_1_target_all_cellType_all	2026-04-12
ev_185d4b272a69f53e6ce1	rpi_17212adf9037cb1a	rna_protein_interaction	reference_backed_record		A1CF:CH61	starBase	ENCORI_API_RBPTarget_hg38_mRNA_clipExpNum_ge_1_target_all_cellType_all	2026-04-12
ev_1a355179f2053cf1dd69	rpi_feef0a80f045b96a	rna_protein_interaction	reference_backed_record		AATF:CH295	starBase	ENCORI_API_RBPTarget_hg38_mRNA_clipExpNum_ge_1_target_all_cellType_all	2026-04-12
ev_1a7fd9691bac7580c697	rpi_1d0b984209bebc42	rna_protein_interaction	reference_backed_record		AATF:CH113	starBase	ENCORI_API_RBPTarget_hg38_mRNA_clipExpNum_ge_1_target_all_cellType_all	2026-04-12
ev_1c0de89a2ca51df50d21	rpi_48794e8deb071a42	rna_protein_interaction	reference_backed_record		AATF:CH296	starBase	ENCORI_API_RBPTarget_hg38_mRNA_clipExpNum_ge_1_target_all_cellType_all	2026-04-12
ev_1c9b66345dd6d4185820	rpi_f49cb0082f03278f	rna_protein_interaction	reference_backed_record		A1CF:CH75	starBase	ENCORI_API_RBPTarget_hg38_mRNA_clipExpNum_ge_1_target_all_cellType_all	2026-04-12
ev_1dc6b7de9d5ed267674c	rpi_33a3e39ad5e85f3d	rna_protein_interaction	reference_backed_record		AATF:CH475	starBase	ENCORI_API_RBPTarget_hg38_mRNA_clipExpNum_ge_1_target_all_cellType_all	2026-04-12
ev_20795fa320db602365cd	rpi_b08b59f6ac6ada47	rna_protein_interaction	reference_backed_record		AATF:CH322	starBase	ENCORI_API_RBPTarget_hg38_mRNA_clipExpNum_ge_1_target_all_cellType_all	2026-04-12
ev_20cf4db79090cdb77dae	rpi_d8d127f064108abd	rna_protein_interaction	reference_backed_record		AATF:CH261	starBase	ENCORI_API_RBPTarget_hg38_mRNA_clipExpNum_ge_1_target_all_cellType_all	2026-04-12
ev_20ee72891379bd740f8f	rpi_f627d9533ac6b9ad	rna_protein_interaction	reference_backed_record		A1CF:CH65	starBase	ENCORI_API_RBPTarget_hg38_mRNA_clipExpNum_ge_1_target_all_cellType_all	2026-04-12
ev_20f33a67cf8ab524aac8	rpi_5c9566a3d18b709c	rna_protein_interaction	reference_backed_record		AATF:CH479	starBase	ENCORI_API_RBPTarget_hg38_mRNA_clipExpNum_ge_1_target_all_cellType_all	2026-04-12
ev_22a1cc80127d16a30a0c	rpi_6d8c0f3ce00c0971	rna_protein_interaction	reference_backed_record		AATF:CH264	starBase	ENCORI_API_RBPTarget_hg38_mRNA_clipExpNum_ge_1_target_all_cellType_all	2026-04-12
ev_2420ffe4eb2a3edd3a60	rpi_428eca4b0e721b4c	rna_protein_interaction	reference_backed_record		AATF:CH485	starBase	ENCORI_API_RBPTarget_hg38_mRNA_clipExpNum_ge_1_target_all_cellType_all	2026-04-12
ev_2430bd81e56a99d132f9	rpi_5c9566a3d18b709c	rna_protein_interaction	reference_backed_record		AATF:CH480	starBase	ENCORI_API_RBPTarget_hg38_mRNA_clipExpNum_ge_1_target_all_cellType_all	2026-04-12
ev_25156fe98a4ac305b755	rpi_ebbecf43cd6c645c	rna_protein_interaction	reference_backed_record		AATF:CH274	starBase	ENCORI_API_RBPTarget_hg38_mRNA_clipExpNum_ge_1_target_all_cellType_all	2026-04-12
ev_25e1042cc9b55ba18335	rpi_70987e97341b504e	rna_protein_interaction	reference_backed_record		AATF:CH279	starBase	ENCORI_API_RBPTarget_hg38_mRNA_clipExpNum_ge_1_target_all_cellType_all	2026-04-12
ev_2777c28cbbe6e237d69c	rpi_46e8ad2e6eee8765	rna_protein_interaction	reference_backed_record		AATF:CH426	starBase	ENCORI_API_RBPTarget_hg38_mRNA_clipExpNum_ge_1_target_all_cellType_all	2026-04-12
ev_296a2b3d46739987555b	rpi_19e7bb2762ddf6c6	rna_protein_interaction	reference_backed_record		A1CF:CH18	starBase	ENCORI_API_RBPTarget_hg38_mRNA_clipExpNum_ge_1_target_all_cellType_all	2026-04-12
ev_2c7890dab109af5e6865	rpi_f8e757a4dfaec1dd	rna_protein_interaction	reference_backed_record		AATF:CH177	starBase	ENCORI_API_RBPTarget_hg38_mRNA_clipExpNum_ge_1_target_all_cellType_all	2026-04-12
ev_2cad80b909f54f788148	rpi_ddbbf509643515cf	rna_protein_interaction	reference_backed_record		AATF:CH275	starBase	ENCORI_API_RBPTarget_hg38_mRNA_clipExpNum_ge_1_target_all_cellType_all	2026-04-12
ev_2cf7d330eaed8d0fbb21	rpi_fb4918927522c426	rna_protein_interaction	reference_backed_record		AATF:CH443	starBase	ENCORI_API_RBPTarget_hg38_mRNA_clipExpNum_ge_1_target_all_cellType_all	2026-04-12
ev_2e6b8fbfc51630f42b67	rpi_ab8d87963c4a814d	rna_protein_interaction	reference_backed_record		AATF:CH105	starBase	ENCORI_API_RBPTarget_hg38_mRNA_clipExpNum_ge_1_target_all_cellType_all	2026-04-12
ev_2f98d7d3a930b676115e	rpi_e19d4bd8fa7171a1	rna_protein_interaction	reference_backed_record		AATF:CH317	starBase	ENCORI_API_RBPTarget_hg38_mRNA_clipExpNum_ge_1_target_all_cellType_all	2026-04-12
ev_309b39974c22416e1795	rpi_cca18859cc6abff2	rna_protein_interaction	reference_backed_record		A1CF:CH116	starBase	ENCORI_API_RBPTarget_hg38_mRNA_clipExpNum_ge_1_target_all_cellType_all	2026-04-12
ev_327fabc348a6f07f0f9d	rpi_f49cb0082f03278f	rna_protein_interaction	reference_backed_record		A1CF:CH76	starBase	ENCORI_API_RBPTarget_hg38_mRNA_clipExpNum_ge_1_target_all_cellType_all	2026-04-12
ev_35d73603b56cb356a190	rpi_ee25bf2c4627f5a0	rna_protein_interaction	reference_backed_record		A1CF:CH44	starBase	ENCORI_API_RBPTarget_hg38_mRNA_clipExpNum_ge_1_target_all_cellType_all	2026-04-12
ev_36aab10a91f555d5d357	rpi_943de2393e1fb15c	rna_protein_interaction	reference_backed_record		AATF:CH282	starBase	ENCORI_API_RBPTarget_hg38_mRNA_clipExpNum_ge_1_target_all_cellType_all	2026-04-12
ev_3710d5bbe2b0e6640d7e	rpi_f4c0a35fb570cda2	rna_protein_interaction	reference_backed_record		AATF:CH325	starBase	ENCORI_API_RBPTarget_hg38_mRNA_clipExpNum_ge_1_target_all_cellType_all	2026-04-12
ev_375c67033d2d4934a0a0	rpi_921b234cd5b457df	rna_protein_interaction	reference_backed_record		AATF:CH396	starBase	ENCORI_API_RBPTarget_hg38_mRNA_clipExpNum_ge_1_target_all_cellType_all	2026-04-12
ev_392d05c12dc0de8cfd57	rpi_95d24b037ba5247f	rna_protein_interaction	reference_backed_record		AATF:CH270	starBase	ENCORI_API_RBPTarget_hg38_mRNA_clipExpNum_ge_1_target_all_cellType_all	2026-04-12
ev_3a91df1d098f1875b384	rpi_86452834510ef282	rna_protein_interaction	reference_backed_record		AATF:CH527	starBase	ENCORI_API_RBPTarget_hg38_mRNA_clipExpNum_ge_1_target_all_cellType_all	2026-04-12
ev_3c1136f0e6c187f282ce	rpi_c74626aa7800a191	rna_protein_interaction	reference_backed_record		A1CF:CH57	starBase	ENCORI_API_RBPTarget_hg38_mRNA_clipExpNum_ge_1_target_all_cellType_all	2026-04-12
ev_3d9115c21aee38ec57a1	rpi_93256c90780f6ec3	rna_protein_interaction	reference_backed_record		AATF:CH3	starBase	ENCORI_API_RBPTarget_hg38_mRNA_clipExpNum_ge_1_target_all_cellType_all	2026-04-12
ev_4109a9297dfc6a3c870e	rpi_b27814bb43890ca9	rna_protein_interaction	reference_backed_record		AATF:CH6	starBase	ENCORI_API_RBPTarget_hg38_mRNA_clipExpNum_ge_1_target_all_cellType_all	2026-04-12
ev_4155aca24e84461fe40f	rpi_f8e87c5b775bd8cc	rna_protein_interaction	reference_backed_record		AATF:CH507	starBase	ENCORI_API_RBPTarget_hg38_mRNA_clipExpNum_ge_1_target_all_cellType_all	2026-04-12
ev_419dc90ab53b608f6c20	rpi_632ff32400dcd06c	rna_protein_interaction	reference_backed_record		A1CF:CH28	starBase	ENCORI_API_RBPTarget_hg38_mRNA_clipExpNum_ge_1_target_all_cellType_all	2026-04-12
ev_41e099d453e2b6bd7224	rpi_2597191468bffae9	rna_protein_interaction	reference_backed_record		AATF:CH123	starBase	ENCORI_API_RBPTarget_hg38_mRNA_clipExpNum_ge_1_target_all_cellType_all	2026-04-12
ev_421f0a9a9369fa37ace2	rpi_fb4f55b7befa6d0d	rna_protein_interaction	reference_backed_record		AATF:CH249	starBase	ENCORI_API_RBPTarget_hg38_mRNA_clipExpNum_ge_1_target_all_cellType_all	2026-04-12
ev_42269d3660559011e778	rpi_0afdb3c4954f0379	rna_protein_interaction	reference_backed_record		A1CF:CH63	starBase	ENCORI_API_RBPTarget_hg38_mRNA_clipExpNum_ge_1_target_all_cellType_all	2026-04-12
ev_4358c0630fb0f0e14504	rpi_b8878740af4c7646	rna_protein_interaction	reference_backed_record		AATF:CH20	starBase	ENCORI_API_RBPTarget_hg38_mRNA_clipExpNum_ge_1_target_all_cellType_all	2026-04-12
ev_456bfdb3b4bf2c0cd8e9	rpi_82992e9212d4f7f7	rna_protein_interaction	reference_backed_record		AATF:CH413	starBase	ENCORI_API_RBPTarget_hg38_mRNA_clipExpNum_ge_1_target_all_cellType_all	2026-04-12
ev_47fd164c05b02e4dc1f4	rpi_aaea4d5b908019c9	rna_protein_interaction	reference_backed_record		AATF:CH168	starBase	ENCORI_API_RBPTarget_hg38_mRNA_clipExpNum_ge_1_target_all_cellType_all	2026-04-12
ev_4a2ad7c6554b906e2820	rpi_5c9566a3d18b709c	rna_protein_interaction	reference_backed_record		AATF:CH481	starBase	ENCORI_API_RBPTarget_hg38_mRNA_clipExpNum_ge_1_target_all_cellType_all	2026-04-12
ev_4ab837a933534ee46485	rpi_22f0f9e555488c3b	rna_protein_interaction	reference_backed_record		A1CF:CH99	starBase	ENCORI_API_RBPTarget_hg38_mRNA_clipExpNum_ge_1_target_all_cellType_all	2026-04-12
ev_4c1094a2b0773dd536ab	rpi_95d24b037ba5247f	rna_protein_interaction	reference_backed_record		AATF:CH273	starBase	ENCORI_API_RBPTarget_hg38_mRNA_clipExpNum_ge_1_target_all_cellType_all	2026-04-12
ev_4c9ca210c67228c5e8e7	rpi_d8d127f064108abd	rna_protein_interaction	reference_backed_record		AATF:CH262	starBase	ENCORI_API_RBPTarget_hg38_mRNA_clipExpNum_ge_1_target_all_cellType_all	2026-04-12
ev_4ca457d8e812fe811ee8	rpi_f083a512fe9072d9	rna_protein_interaction	reference_backed_record		AATF:CH26	starBase	ENCORI_API_RBPTarget_hg38_mRNA_clipExpNum_ge_1_target_all_cellType_all	2026-04-12
ev_501e448e4ae5d49876c6	rpi_0514b0e212b2669c	rna_protein_interaction	reference_backed_record		AATF:CH61	starBase	ENCORI_API_RBPTarget_hg38_mRNA_clipExpNum_ge_1_target_all_cellType_all	2026-04-12
ev_516ee9137feb8ad0fd52	rpi_83c024a7cbaaf0c4	rna_protein_interaction	reference_backed_record		AATF:CH510	starBase	ENCORI_API_RBPTarget_hg38_mRNA_clipExpNum_ge_1_target_all_cellType_all	2026-04-12
ev_517b9bae15bbe494d0e6	rpi_b17fe96f231f53da	rna_protein_interaction	reference_backed_record		AATF:CH152	starBase	ENCORI_API_RBPTarget_hg38_mRNA_clipExpNum_ge_1_target_all_cellType_all	2026-04-12
ev_5674c9c7a3e6fdf359b8	rpi_943de2393e1fb15c	rna_protein_interaction	reference_backed_record		AATF:CH281	starBase	ENCORI_API_RBPTarget_hg38_mRNA_clipExpNum_ge_1_target_all_cellType_all	2026-04-12
ev_571b95c58db496f4ad48	rpi_20092f90c5808613	rna_protein_interaction	reference_backed_record		AATF:CH223	starBase	ENCORI_API_RBPTarget_hg38_mRNA_clipExpNum_ge_1_target_all_cellType_all	2026-04-12
ev_577186a1f08c47b502fc	rpi_1360a5cf237af9ef	rna_protein_interaction	reference_backed_record		A1CF:CH20	starBase	ENCORI_API_RBPTarget_hg38_mRNA_clipExpNum_ge_1_target_all_cellType_all	2026-04-12
ev_58805775c41067b37cfc	rpi_c56e15e01588459e	rna_protein_interaction	reference_backed_record		AATF:CH258	starBase	ENCORI_API_RBPTarget_hg38_mRNA_clipExpNum_ge_1_target_all_cellType_all	2026-04-12
ev_5aa6cd3f6f2bade9f1fe	rpi_a3a90a9cc8453dda	rna_protein_interaction	reference_backed_record		AATF:CH489	starBase	ENCORI_API_RBPTarget_hg38_mRNA_clipExpNum_ge_1_target_all_cellType_all	2026-04-12
ev_5d78379c61b9196a6d7b	rpi_fb4f55b7befa6d0d	rna_protein_interaction	reference_backed_record		AATF:CH250	starBase	ENCORI_API_RBPTarget_hg38_mRNA_clipExpNum_ge_1_target_all_cellType_all	2026-04-12
ev_5f2767d470abe1aba76f	rpi_fbe26f98ad51b03d	rna_protein_interaction	reference_backed_record		AATF:CH64	starBase	ENCORI_API_RBPTarget_hg38_mRNA_clipExpNum_ge_1_target_all_cellType_all	2026-04-12
ev_625bda9ff1fff79406d1	rpi_0d58a3a2492439da	rna_protein_interaction	reference_backed_record		AATF:CH401	starBase	ENCORI_API_RBPTarget_hg38_mRNA_clipExpNum_ge_1_target_all_cellType_all	2026-04-12
ev_656e068b9037bba08116	rpi_7c011c7ee6a41ade	rna_protein_interaction	reference_backed_record		AATF:CH156	starBase	ENCORI_API_RBPTarget_hg38_mRNA_clipExpNum_ge_1_target_all_cellType_all	2026-04-12
ev_672bd9d235748a555683	rpi_0d2b65f964ee5f8b	rna_protein_interaction	reference_backed_record		A1CF:CH77	starBase	ENCORI_API_RBPTarget_hg38_mRNA_clipExpNum_ge_1_target_all_cellType_all	2026-04-12
ev_68a5b71c3866bb5b6aa2	rpi_1360a5cf237af9ef	rna_protein_interaction	reference_backed_record		A1CF:CH24	starBase	ENCORI_API_RBPTarget_hg38_mRNA_clipExpNum_ge_1_target_all_cellType_all	2026-04-12
ev_6951ea51b806754bf849	rpi_95d24b037ba5247f	rna_protein_interaction	reference_backed_record		AATF:CH271	starBase	ENCORI_API_RBPTarget_hg38_mRNA_clipExpNum_ge_1_target_all_cellType_all	2026-04-12
ev_69ffec0941838244eb6f	rpi_8926ed5f9e795d45	rna_protein_interaction	reference_backed_record		AATF:CH278	starBase	ENCORI_API_RBPTarget_hg38_mRNA_clipExpNum_ge_1_target_all_cellType_all	2026-04-12
ev_6a524eebc5dfbfb5f2ea	rpi_c74626aa7800a191	rna_protein_interaction	reference_backed_record		A1CF:CH55	starBase	ENCORI_API_RBPTarget_hg38_mRNA_clipExpNum_ge_1_target_all_cellType_all	2026-04-12
ev_6aea0c1709ba9b8fd723	rpi_e19d4bd8fa7171a1	rna_protein_interaction	reference_backed_record		AATF:CH314	starBase	ENCORI_API_RBPTarget_hg38_mRNA_clipExpNum_ge_1_target_all_cellType_all	2026-04-12
ev_6cb5b20686aee5fa567c	rpi_1360a5cf237af9ef	rna_protein_interaction	reference_backed_record		A1CF:CH22	starBase	ENCORI_API_RBPTarget_hg38_mRNA_clipExpNum_ge_1_target_all_cellType_all	2026-04-12
ev_6e7bec0de87aac8f7376	rpi_52f3180cca1cdff9	rna_protein_interaction	reference_backed_record		AATF:CH179	starBase	ENCORI_API_RBPTarget_hg38_mRNA_clipExpNum_ge_1_target_all_cellType_all	2026-04-12
ev_6ff8005560c90318ed58	rpi_b08b59f6ac6ada47	rna_protein_interaction	reference_backed_record		AATF:CH323	starBase	ENCORI_API_RBPTarget_hg38_mRNA_clipExpNum_ge_1_target_all_cellType_all	2026-04-12
ev_703901312dc9845ee1bf	rpi_c452b1d3b5589116	rna_protein_interaction	reference_backed_record		AATF:CH137	starBase	ENCORI_API_RBPTarget_hg38_mRNA_clipExpNum_ge_1_target_all_cellType_all	2026-04-12
ev_7332ee3b0e81af2e25e1	rpi_e19d4bd8fa7171a1	rna_protein_interaction	reference_backed_record		AATF:CH316	starBase	ENCORI_API_RBPTarget_hg38_mRNA_clipExpNum_ge_1_target_all_cellType_all	2026-04-12
ev_74e57e48f94806129913	rpi_ec540221f6b41981	rna_protein_interaction	reference_backed_record		AATF:CH483	starBase	ENCORI_API_RBPTarget_hg38_mRNA_clipExpNum_ge_1_target_all_cellType_all	2026-04-12
ev_7538a489c82f2454190c	rpi_e52a8bd867cefaa4	rna_protein_interaction	reference_backed_record		AATF:CH506	starBase	ENCORI_API_RBPTarget_hg38_mRNA_clipExpNum_ge_1_target_all_cellType_all	2026-04-12
ev_758941a1bb40211a7555	rpi_4e616c0c8f4088f7	rna_protein_interaction	reference_backed_record		AATF:CH246	starBase	ENCORI_API_RBPTarget_hg38_mRNA_clipExpNum_ge_1_target_all_cellType_all	2026-04-12
ev_7998e61c6571e45c557f	rpi_95d24b037ba5247f	rna_protein_interaction	reference_backed_record		AATF:CH269	starBase	ENCORI_API_RBPTarget_hg38_mRNA_clipExpNum_ge_1_target_all_cellType_all	2026-04-12
ev_79ece311389ce998e61f	rpi_19e7bb2762ddf6c6	rna_protein_interaction	reference_backed_record		A1CF:CH19	starBase	ENCORI_API_RBPTarget_hg38_mRNA_clipExpNum_ge_1_target_all_cellType_all	2026-04-12
ev_7a03d666b354d58ba1a0	rpi_a32410603e78a8f8	rna_protein_interaction	reference_backed_record		AATF:CH329	starBase	ENCORI_API_RBPTarget_hg38_mRNA_clipExpNum_ge_1_target_all_cellType_all	2026-04-12
ev_7a6850ad895bba95bf7a	rpi_44cc9af11285e4f4	rna_protein_interaction	reference_backed_record		A1CF:CH39	starBase	ENCORI_API_RBPTarget_hg38_mRNA_clipExpNum_ge_1_target_all_cellType_all	2026-04-12
ev_7bb2a219e4baaf36ffdb	rpi_a3ccc7c2870aef0d	rna_protein_interaction	reference_backed_record		A1CF:CH6	starBase	ENCORI_API_RBPTarget_hg38_mRNA_clipExpNum_ge_1_target_all_cellType_all	2026-04-12
ev_7e8a195f76748feb25da	rpi_c536063219489bc1	rna_protein_interaction	reference_backed_record		AATF:CH126	starBase	ENCORI_API_RBPTarget_hg38_mRNA_clipExpNum_ge_1_target_all_cellType_all	2026-04-12
ev_8156cbe51ba417865018	rpi_3d83263acac51f5c	rna_protein_interaction	reference_backed_record		AATF:CH280	starBase	ENCORI_API_RBPTarget_hg38_mRNA_clipExpNum_ge_1_target_all_cellType_all	2026-04-12
ev_815a36044c71e5fc165c	rpi_e19d4bd8fa7171a1	rna_protein_interaction	reference_backed_record		AATF:CH315	starBase	ENCORI_API_RBPTarget_hg38_mRNA_clipExpNum_ge_1_target_all_cellType_all	2026-04-12
ev_8167f5aefb0922930dc9	rpi_ee25bf2c4627f5a0	rna_protein_interaction	reference_backed_record		A1CF:CH43	starBase	ENCORI_API_RBPTarget_hg38_mRNA_clipExpNum_ge_1_target_all_cellType_all	2026-04-12
ev_862932a9cc380ab0cc59	rpi_4f78f2aee462266f	rna_protein_interaction	reference_backed_record		AATF:CH183	starBase	ENCORI_API_RBPTarget_hg38_mRNA_clipExpNum_ge_1_target_all_cellType_all	2026-04-12
ev_898c727eef6a2a84bc5e	rpi_30c5e6b60ef87acb	rna_protein_interaction	reference_backed_record		AATF:CH149	starBase	ENCORI_API_RBPTarget_hg38_mRNA_clipExpNum_ge_1_target_all_cellType_all	2026-04-12
ev_8a3ee630342bed944bdc	rpi_b9ced2c309dc7937	rna_protein_interaction	reference_backed_record		AATF:CH440	starBase	ENCORI_API_RBPTarget_hg38_mRNA_clipExpNum_ge_1_target_all_cellType_all	2026-04-12
ev_8a71b49eec1dd3fbae91	rpi_23a38300464a70b8	rna_protein_interaction	reference_backed_record		A1CF:CH78	starBase	ENCORI_API_RBPTarget_hg38_mRNA_clipExpNum_ge_1_target_all_cellType_all	2026-04-12
ev_8f9095b1eb5004f4b2eb	rpi_c6709b6096554b55	rna_protein_interaction	reference_backed_record		A1CF:CH54	starBase	ENCORI_API_RBPTarget_hg38_mRNA_clipExpNum_ge_1_target_all_cellType_all	2026-04-12
ev_905fc96b53a47850ea52	rpi_608add6e8b0e3390	rna_protein_interaction	reference_backed_record		A1CF:CH74	starBase	ENCORI_API_RBPTarget_hg38_mRNA_clipExpNum_ge_1_target_all_cellType_all	2026-04-12
ev_90c2b62435987b735336	rpi_5eab64238164a8d7	rna_protein_interaction	reference_backed_record		A1CF:CH48	starBase	ENCORI_API_RBPTarget_hg38_mRNA_clipExpNum_ge_1_target_all_cellType_all	2026-04-12
ev_92b174bbd10609a31af8	rpi_0303123cdc951a6c	rna_protein_interaction	reference_backed_record		AATF:CH464	starBase	ENCORI_API_RBPTarget_hg38_mRNA_clipExpNum_ge_1_target_all_cellType_all	2026-04-12
ev_93135ea7d5836739e952	rpi_e52a8bd867cefaa4	rna_protein_interaction	reference_backed_record		AATF:CH505	starBase	ENCORI_API_RBPTarget_hg38_mRNA_clipExpNum_ge_1_target_all_cellType_all	2026-04-12
ev_94931be3cdfd6de2c33f	rpi_ee364a95e9434315	rna_protein_interaction	reference_backed_record		AATF:CH53	starBase	ENCORI_API_RBPTarget_hg38_mRNA_clipExpNum_ge_1_target_all_cellType_all	2026-04-12
ev_9516281f1ddb0b689c2c	rpi_180cc0fc5154f1aa	rna_protein_interaction	reference_backed_record		AATF:CH556	starBase	ENCORI_API_RBPTarget_hg38_mRNA_clipExpNum_ge_1_target_all_cellType_all	2026-04-12
ev_97c974452e05cb51a362	rpi_1d0b984209bebc42	rna_protein_interaction	reference_backed_record		AATF:CH115	starBase	ENCORI_API_RBPTarget_hg38_mRNA_clipExpNum_ge_1_target_all_cellType_all	2026-04-12
ev_99305ec2297d05b71c46	rpi_db9c06693d52153a	rna_protein_interaction	reference_backed_record		AATF:CH554	starBase	ENCORI_API_RBPTarget_hg38_mRNA_clipExpNum_ge_1_target_all_cellType_all	2026-04-12
ev_99a9f9d11b877a5683e5	rpi_c29abaa03f159b11	rna_protein_interaction	reference_backed_record		A1CF:CH100	starBase	ENCORI_API_RBPTarget_hg38_mRNA_clipExpNum_ge_1_target_all_cellType_all	2026-04-12
ev_9a1fcdd6ad5762ce4930	rpi_824a1888f4d50c77	rna_protein_interaction	reference_backed_record		A1CF:CH60	starBase	ENCORI_API_RBPTarget_hg38_mRNA_clipExpNum_ge_1_target_all_cellType_all	2026-04-12
ev_a001b51f4183cfdad57d	rpi_4a5ddd7cd2b8e28d	rna_protein_interaction	reference_backed_record		AATF:CH312	starBase	ENCORI_API_RBPTarget_hg38_mRNA_clipExpNum_ge_1_target_all_cellType_all	2026-04-12
ev_a10b61840454fa1e82df	rpi_0ec47bf486631c89	rna_protein_interaction	reference_backed_record		AATF:CH429	starBase	ENCORI_API_RBPTarget_hg38_mRNA_clipExpNum_ge_1_target_all_cellType_all	2026-04-12
ev_a2c1a6f448c8f8452553	rpi_a32410603e78a8f8	rna_protein_interaction	reference_backed_record		AATF:CH331	starBase	ENCORI_API_RBPTarget_hg38_mRNA_clipExpNum_ge_1_target_all_cellType_all	2026-04-12
ev_a3ed0691579fc75ef3ea	rpi_0d58a3a2492439da	rna_protein_interaction	reference_backed_record		AATF:CH400	starBase	ENCORI_API_RBPTarget_hg38_mRNA_clipExpNum_ge_1_target_all_cellType_all	2026-04-12
ev_a720e325d2ea96c1596b	rpi_e5bad4b3bf007232	rna_protein_interaction	reference_backed_record		A1CF:CH42	starBase	ENCORI_API_RBPTarget_hg38_mRNA_clipExpNum_ge_1_target_all_cellType_all	2026-04-12
ev_a79a4af0ee4a707e4fd5	rpi_a59d5320a36e842c	rna_protein_interaction	reference_backed_record		AATF:CH222	starBase	ENCORI_API_RBPTarget_hg38_mRNA_clipExpNum_ge_1_target_all_cellType_all	2026-04-12
ev_a99fc774db06b0689400	rpi_c536063219489bc1	rna_protein_interaction	reference_backed_record		AATF:CH125	starBase	ENCORI_API_RBPTarget_hg38_mRNA_clipExpNum_ge_1_target_all_cellType_all	2026-04-12
ev_a9fafc5eb6480c1e0736	rpi_22f8d34ab16711bd	rna_protein_interaction	reference_backed_record		AATF:CH154	starBase	ENCORI_API_RBPTarget_hg38_mRNA_clipExpNum_ge_1_target_all_cellType_all	2026-04-12
ev_a9fc68104baeb6386aa8	rpi_8926ed5f9e795d45	rna_protein_interaction	reference_backed_record		AATF:CH277	starBase	ENCORI_API_RBPTarget_hg38_mRNA_clipExpNum_ge_1_target_all_cellType_all	2026-04-12
ev_ab7f88a534fb599258a0	rpi_ee25bf2c4627f5a0	rna_protein_interaction	reference_backed_record		A1CF:CH45	starBase	ENCORI_API_RBPTarget_hg38_mRNA_clipExpNum_ge_1_target_all_cellType_all	2026-04-12
ev_ac31d89ceb8b367b90b2	rpi_48794e8deb071a42	rna_protein_interaction	reference_backed_record		AATF:CH297	starBase	ENCORI_API_RBPTarget_hg38_mRNA_clipExpNum_ge_1_target_all_cellType_all	2026-04-12
ev_ac9c7f11d2b22968ee19	rpi_b08b59f6ac6ada47	rna_protein_interaction	reference_backed_record		AATF:CH324	starBase	ENCORI_API_RBPTarget_hg38_mRNA_clipExpNum_ge_1_target_all_cellType_all	2026-04-12
ev_ad02dab6a46fa7a618c5	rpi_0054032d044a34d5	rna_protein_interaction	reference_backed_record		A1CF:CH59	starBase	ENCORI_API_RBPTarget_hg38_mRNA_clipExpNum_ge_1_target_all_cellType_all	2026-04-12
ev_ae9e83369f84807b204f	rpi_839a92e388952552	rna_protein_interaction	reference_backed_record		AATF:CH276	starBase	ENCORI_API_RBPTarget_hg38_mRNA_clipExpNum_ge_1_target_all_cellType_all	2026-04-12
ev_b141f5d0a3dda887b48d	rpi_f4c0a35fb570cda2	rna_protein_interaction	reference_backed_record		AATF:CH326	starBase	ENCORI_API_RBPTarget_hg38_mRNA_clipExpNum_ge_1_target_all_cellType_all	2026-04-12
ev_b21c1dfb5cbb920e82eb	rpi_0dbbdcb0d3b9ccf0	rna_protein_interaction	reference_backed_record		AATF:CH290	starBase	ENCORI_API_RBPTarget_hg38_mRNA_clipExpNum_ge_1_target_all_cellType_all	2026-04-12
ev_b343ee3cf58ece062cf9	rpi_5eab64238164a8d7	rna_protein_interaction	reference_backed_record		A1CF:CH49	starBase	ENCORI_API_RBPTarget_hg38_mRNA_clipExpNum_ge_1_target_all_cellType_all	2026-04-12
ev_b3b4628246e77cc8df19	rpi_39a0ffa4b106870f	rna_protein_interaction	reference_backed_record		A1CF:CH41	starBase	ENCORI_API_RBPTarget_hg38_mRNA_clipExpNum_ge_1_target_all_cellType_all	2026-04-12
ev_b5f5b2d85289d4ee66f4	rpi_a32410603e78a8f8	rna_protein_interaction	reference_backed_record		AATF:CH330	starBase	ENCORI_API_RBPTarget_hg38_mRNA_clipExpNum_ge_1_target_all_cellType_all	2026-04-12
ev_b60196b24347e0725f05	rpi_f61cc8da3c8d35d3	rna_protein_interaction	reference_backed_record		AATF:CH265	starBase	ENCORI_API_RBPTarget_hg38_mRNA_clipExpNum_ge_1_target_all_cellType_all	2026-04-12
ev_b646a57a41721ad945df	rpi_514b29313be318ba	rna_protein_interaction	reference_backed_record		A1CF:CH58	starBase	ENCORI_API_RBPTarget_hg38_mRNA_clipExpNum_ge_1_target_all_cellType_all	2026-04-12
ev_b68ec8a61c02d705b967	rpi_9f05a15785281521	rna_protein_interaction	reference_backed_record		AATF:CH455	starBase	ENCORI_API_RBPTarget_hg38_mRNA_clipExpNum_ge_1_target_all_cellType_all	2026-04-12
ev_b8265654ea5eacf7ffa5	rpi_95d24b037ba5247f	rna_protein_interaction	reference_backed_record		AATF:CH272	starBase	ENCORI_API_RBPTarget_hg38_mRNA_clipExpNum_ge_1_target_all_cellType_all	2026-04-12
ev_b8d4fd72a589936afb49	rpi_fb4f55b7befa6d0d	rna_protein_interaction	reference_backed_record		AATF:CH251	starBase	ENCORI_API_RBPTarget_hg38_mRNA_clipExpNum_ge_1_target_all_cellType_all	2026-04-12
ev_b9102fc5ca736ebcd424	rpi_22f0f9e555488c3b	rna_protein_interaction	reference_backed_record		A1CF:CH98	starBase	ENCORI_API_RBPTarget_hg38_mRNA_clipExpNum_ge_1_target_all_cellType_all	2026-04-12
ev_bb02a3b5b60108625398	rpi_97b34157f815bf94	rna_protein_interaction	reference_backed_record		AATF:CH129	starBase	ENCORI_API_RBPTarget_hg38_mRNA_clipExpNum_ge_1_target_all_cellType_all	2026-04-12
ev_bb0f1fd2d6671607cd0e	rpi_1d0b984209bebc42	rna_protein_interaction	reference_backed_record		AATF:CH114	starBase	ENCORI_API_RBPTarget_hg38_mRNA_clipExpNum_ge_1_target_all_cellType_all	2026-04-12
ev_bbd46bdfbbe90210414c	rpi_5e8ea9af25b12318	rna_protein_interaction	reference_backed_record		A1CF:CH8	starBase	ENCORI_API_RBPTarget_hg38_mRNA_clipExpNum_ge_1_target_all_cellType_all	2026-04-12
ev_bea70d286bb0428b413a	rpi_7c6b82f98b6467ec	rna_protein_interaction	reference_backed_record		A1CF:CH14	starBase	ENCORI_API_RBPTarget_hg38_mRNA_clipExpNum_ge_1_target_all_cellType_all	2026-04-12
ev_c07410493a13864d4f9f	rpi_a3ccc7c2870aef0d	rna_protein_interaction	reference_backed_record		A1CF:CH5	starBase	ENCORI_API_RBPTarget_hg38_mRNA_clipExpNum_ge_1_target_all_cellType_all	2026-04-12
ev_c083e487e132294ce7fc	rpi_8bf0f620ffa118fd	rna_protein_interaction	reference_backed_record		A1CF:CH46	starBase	ENCORI_API_RBPTarget_hg38_mRNA_clipExpNum_ge_1_target_all_cellType_all	2026-04-12
ev_c40f0de56d82e95da704	rpi_7048a6cf394edda9	rna_protein_interaction	reference_backed_record		AATF:CH333	starBase	ENCORI_API_RBPTarget_hg38_mRNA_clipExpNum_ge_1_target_all_cellType_all	2026-04-12
ev_c47708a2a6b713fef54e	rpi_0d58a3a2492439da	rna_protein_interaction	reference_backed_record		AATF:CH398	starBase	ENCORI_API_RBPTarget_hg38_mRNA_clipExpNum_ge_1_target_all_cellType_all	2026-04-12
ev_c633e0cd38c90115d3a8	rpi_fb4918927522c426	rna_protein_interaction	reference_backed_record		AATF:CH444	starBase	ENCORI_API_RBPTarget_hg38_mRNA_clipExpNum_ge_1_target_all_cellType_all	2026-04-12
ev_c7377a8324f9279f6de9	rpi_0f9a1bae4e0335b7	rna_protein_interaction	reference_backed_record		AATF:CH76	starBase	ENCORI_API_RBPTarget_hg38_mRNA_clipExpNum_ge_1_target_all_cellType_all	2026-04-12
ev_c83b182b74cadcc6079f	rpi_4bb8696298c8a946	rna_protein_interaction	reference_backed_record		AATF:CH63	starBase	ENCORI_API_RBPTarget_hg38_mRNA_clipExpNum_ge_1_target_all_cellType_all	2026-04-12
ev_cac6880a975700f67edd	rpi_f9702cca6abf1455	rna_protein_interaction	reference_backed_record		AATF:CH78	starBase	ENCORI_API_RBPTarget_hg38_mRNA_clipExpNum_ge_1_target_all_cellType_all	2026-04-12
ev_cacc416e8fa4301e5e54	rpi_0867efd1d8b911c1	rna_protein_interaction	reference_backed_record		AATF:CH319	starBase	ENCORI_API_RBPTarget_hg38_mRNA_clipExpNum_ge_1_target_all_cellType_all	2026-04-12
ev_cb2b768c69278219311f	rpi_6e2a392bebd3f0c5	rna_protein_interaction	reference_backed_record		AATF:CH254	starBase	ENCORI_API_RBPTarget_hg38_mRNA_clipExpNum_ge_1_target_all_cellType_all	2026-04-12
ev_cb6233299ce943e43bae	rpi_0867efd1d8b911c1	rna_protein_interaction	reference_backed_record		AATF:CH320	starBase	ENCORI_API_RBPTarget_hg38_mRNA_clipExpNum_ge_1_target_all_cellType_all	2026-04-12
ev_cf567d55c376aace0d3d	rpi_f61cc1897238c1ef	rna_protein_interaction	reference_backed_record		AATF:CH451	starBase	ENCORI_API_RBPTarget_hg38_mRNA_clipExpNum_ge_1_target_all_cellType_all	2026-04-12
ev_d068b658fe4cbf69f966	rpi_3188bbb5c987db2c	rna_protein_interaction	reference_backed_record		AATF:CH503	starBase	ENCORI_API_RBPTarget_hg38_mRNA_clipExpNum_ge_1_target_all_cellType_all	2026-04-12
ev_d09a2559da81343472bc	rpi_8b12eb65d391ff05	rna_protein_interaction	reference_backed_record		A1CF:CH27	starBase	ENCORI_API_RBPTarget_hg38_mRNA_clipExpNum_ge_1_target_all_cellType_all	2026-04-12
ev_d5bf9096c3ecaf56adbb	rpi_1360a5cf237af9ef	rna_protein_interaction	reference_backed_record		A1CF:CH23	starBase	ENCORI_API_RBPTarget_hg38_mRNA_clipExpNum_ge_1_target_all_cellType_all	2026-04-12
ev_d6faf7501df3dcb59ba1	rpi_f61cc1897238c1ef	rna_protein_interaction	reference_backed_record		AATF:CH452	starBase	ENCORI_API_RBPTarget_hg38_mRNA_clipExpNum_ge_1_target_all_cellType_all	2026-04-12
ev_d88e6ee578ad9e54214d	rpi_fcf5c444279cecca	rna_protein_interaction	reference_backed_record		A1CF:CH101	starBase	ENCORI_API_RBPTarget_hg38_mRNA_clipExpNum_ge_1_target_all_cellType_all	2026-04-12
ev_d89717bd8220631aa599	rpi_b2b8f58a8fa0388e	rna_protein_interaction	reference_backed_record		A1CF:CH9	starBase	ENCORI_API_RBPTarget_hg38_mRNA_clipExpNum_ge_1_target_all_cellType_all	2026-04-12
ev_d9a05826280f60e43069	rpi_7353d87427a31393	rna_protein_interaction	reference_backed_record		A1CF:CH117	starBase	ENCORI_API_RBPTarget_hg38_mRNA_clipExpNum_ge_1_target_all_cellType_all	2026-04-12
ev_da8fc274d1a3ec913407	rpi_ddeff1fa58ac480d	rna_protein_interaction	reference_backed_record		A1CF:CH40	starBase	ENCORI_API_RBPTarget_hg38_mRNA_clipExpNum_ge_1_target_all_cellType_all	2026-04-12
ev_dc65779a5389f5d18880	rpi_fb4f55b7befa6d0d	rna_protein_interaction	reference_backed_record		AATF:CH252	starBase	ENCORI_API_RBPTarget_hg38_mRNA_clipExpNum_ge_1_target_all_cellType_all	2026-04-12
ev_dcabfd186d5e330c00e5	rpi_c74626aa7800a191	rna_protein_interaction	reference_backed_record		A1CF:CH56	starBase	ENCORI_API_RBPTarget_hg38_mRNA_clipExpNum_ge_1_target_all_cellType_all	2026-04-12
ev_ddccbba6008e812246b7	rpi_19e7bb2762ddf6c6	rna_protein_interaction	reference_backed_record		A1CF:CH17	starBase	ENCORI_API_RBPTarget_hg38_mRNA_clipExpNum_ge_1_target_all_cellType_all	2026-04-12
ev_de7cfa20bd8eb570ea25	rpi_e8f8ae455a23cfb9	rna_protein_interaction	reference_backed_record		AATF:CH137	starBase	ENCORI_API_RBPTarget_hg38_mRNA_clipExpNum_ge_1_target_all_cellType_all	2026-04-12
ev_def8235419bffefd5c4f	rpi_a3ccc7c2870aef0d	rna_protein_interaction	reference_backed_record		A1CF:CH7	starBase	ENCORI_API_RBPTarget_hg38_mRNA_clipExpNum_ge_1_target_all_cellType_all	2026-04-12
ev_e018bfef512c0ef6ce1f	rpi_921b234cd5b457df	rna_protein_interaction	reference_backed_record		AATF:CH395	starBase	ENCORI_API_RBPTarget_hg38_mRNA_clipExpNum_ge_1_target_all_cellType_all	2026-04-12
ev_e1dfd6c2a2839b5ea847	rpi_4e616c0c8f4088f7	rna_protein_interaction	reference_backed_record		AATF:CH245	starBase	ENCORI_API_RBPTarget_hg38_mRNA_clipExpNum_ge_1_target_all_cellType_all	2026-04-12
ev_e3407feef47b55212e9c	rpi_1360a5cf237af9ef	rna_protein_interaction	reference_backed_record		A1CF:CH25	starBase	ENCORI_API_RBPTarget_hg38_mRNA_clipExpNum_ge_1_target_all_cellType_all	2026-04-12
ev_e3451385d1cc7bdd57ab	rpi_4f78f2aee462266f	rna_protein_interaction	reference_backed_record		AATF:CH182	starBase	ENCORI_API_RBPTarget_hg38_mRNA_clipExpNum_ge_1_target_all_cellType_all	2026-04-12
ev_e65aa3c987496002dd11	rpi_21cce21fa05f6ca4	rna_protein_interaction	reference_backed_record		AATF:CH15	starBase	ENCORI_API_RBPTarget_hg38_mRNA_clipExpNum_ge_1_target_all_cellType_all	2026-04-12
ev_e74788934040dc645019	rpi_df166fc34fbf7e9e	rna_protein_interaction	reference_backed_record		AATF:CH116	starBase	ENCORI_API_RBPTarget_hg38_mRNA_clipExpNum_ge_1_target_all_cellType_all	2026-04-12
ev_e794f5ad9b7d63636607	rpi_7a75ebeea392a9e7	rna_protein_interaction	reference_backed_record		AATF:CH515	starBase	ENCORI_API_RBPTarget_hg38_mRNA_clipExpNum_ge_1_target_all_cellType_all	2026-04-12
ev_e929acb4e3a7cf6c5bc9	rpi_99f9f947496871b7	rna_protein_interaction	reference_backed_record		A1CF:CH62	starBase	ENCORI_API_RBPTarget_hg38_mRNA_clipExpNum_ge_1_target_all_cellType_all	2026-04-12
ev_ea9a861d53c7cfdc9413	rpi_19e7bb2762ddf6c6	rna_protein_interaction	reference_backed_record		A1CF:CH16	starBase	ENCORI_API_RBPTarget_hg38_mRNA_clipExpNum_ge_1_target_all_cellType_all	2026-04-12
ev_ef5004949d7dd828e32b	rpi_f9702cca6abf1455	rna_protein_interaction	reference_backed_record		AATF:CH77	starBase	ENCORI_API_RBPTarget_hg38_mRNA_clipExpNum_ge_1_target_all_cellType_all	2026-04-12
ev_efc88362eb6c1c3ad516	rpi_023394fc0c9d7b02	rna_protein_interaction	reference_backed_record		AATF:CH247	starBase	ENCORI_API_RBPTarget_hg38_mRNA_clipExpNum_ge_1_target_all_cellType_all	2026-04-12
ev_f38fe1b96c73eb1f964d	rpi_7929632311794d2e	rna_protein_interaction	reference_backed_record		AATF:CH157	starBase	ENCORI_API_RBPTarget_hg38_mRNA_clipExpNum_ge_1_target_all_cellType_all	2026-04-12
ev_f445d54b1c03dea99540	rpi_fb4f55b7befa6d0d	rna_protein_interaction	reference_backed_record		AATF:CH248	starBase	ENCORI_API_RBPTarget_hg38_mRNA_clipExpNum_ge_1_target_all_cellType_all	2026-04-12
ev_f4f37f246a184e6ccabb	rpi_94225ddcce45f071	rna_protein_interaction	reference_backed_record		AATF:CH419	starBase	ENCORI_API_RBPTarget_hg38_mRNA_clipExpNum_ge_1_target_all_cellType_all	2026-04-12
ev_f60260cf5bec7c76cb94	rpi_1360a5cf237af9ef	rna_protein_interaction	reference_backed_record		A1CF:CH26	starBase	ENCORI_API_RBPTarget_hg38_mRNA_clipExpNum_ge_1_target_all_cellType_all	2026-04-12
ev_f62bd9a8815ae4271a4e	rpi_051a8d8bdc79e27e	rna_protein_interaction	reference_backed_record		A1CF:CH50	starBase	ENCORI_API_RBPTarget_hg38_mRNA_clipExpNum_ge_1_target_all_cellType_all	2026-04-12
ev_f77088e46f530273c09b	rpi_a279de605381f7a5	rna_protein_interaction	reference_backed_record		AATF:CH227	starBase	ENCORI_API_RBPTarget_hg38_mRNA_clipExpNum_ge_1_target_all_cellType_all	2026-04-12
ev_f8e77b14a96df58ffce1	rpi_015c6c58598ebeeb	rna_protein_interaction	reference_backed_record		AATF:CH491	starBase	ENCORI_API_RBPTarget_hg38_mRNA_clipExpNum_ge_1_target_all_cellType_all	2026-04-12
ev_fdd7c1a5988059812f7a	rpi_1360a5cf237af9ef	rna_protein_interaction	reference_backed_record		A1CF:CH21	starBase	ENCORI_API_RBPTarget_hg38_mRNA_clipExpNum_ge_1_target_all_cellType_all	2026-04-12
