rna_id	model_tool	structure_file	confidence	energy	source_version	fetch_date
ENST00000266427_9606	RNAfold	data/raw/rna/predicted_structures/rnafold_dbn/ENST00000266427_9606.dbn		-45.10	ViennaRNA:2.7.2	2026-04-12
ENST00000375081_9606	RNAfold	data/raw/rna/predicted_structures/rnafold_dbn/ENST00000375081_9606.dbn		-45.80	ViennaRNA:2.7.2	2026-04-12
ENST00000379316_9606	RNAfold	data/raw/rna/predicted_structures/rnafold_dbn/ENST00000379316_9606.dbn		-37.90	ViennaRNA:2.7.2	2026-04-12
ENST00000393660_9606	RNAfold	data/raw/rna/predicted_structures/rnafold_dbn/ENST00000393660_9606.dbn		-31.40	ViennaRNA:2.7.2	2026-04-12
ENST00000420611_9606	RNAfold	data/raw/rna/predicted_structures/rnafold_dbn/ENST00000420611_9606.dbn		-28.30	ViennaRNA:2.7.2	2026-04-12
ENST00000423272_9606	RNAfold	data/raw/rna/predicted_structures/rnafold_dbn/ENST00000423272_9606.dbn		-45.70	ViennaRNA:2.7.2	2026-04-12
ENST00000423478_9606	RNAfold	data/raw/rna/predicted_structures/rnafold_dbn/ENST00000423478_9606.dbn		-66.40	ViennaRNA:2.7.2	2026-04-12
ENST00000423954_9606	RNAfold	data/raw/rna/predicted_structures/rnafold_dbn/ENST00000423954_9606.dbn		-37.50	ViennaRNA:2.7.2	2026-04-12
ENST00000426319_9606	RNAfold	data/raw/rna/predicted_structures/rnafold_dbn/ENST00000426319_9606.dbn		-42.60	ViennaRNA:2.7.2	2026-04-12
ENST00000433192_9606	RNAfold	data/raw/rna/predicted_structures/rnafold_dbn/ENST00000433192_9606.dbn		-41.30	ViennaRNA:2.7.2	2026-04-12
ENST00000434237_9606	RNAfold	data/raw/rna/predicted_structures/rnafold_dbn/ENST00000434237_9606.dbn		-60.50	ViennaRNA:2.7.2	2026-04-12
ENST00000440186_9606	RNAfold	data/raw/rna/predicted_structures/rnafold_dbn/ENST00000440186_9606.dbn		-29.50	ViennaRNA:2.7.2	2026-04-12
ENST00000441659_9606	RNAfold	data/raw/rna/predicted_structures/rnafold_dbn/ENST00000441659_9606.dbn		-38.60	ViennaRNA:2.7.2	2026-04-12
ENST00000441977_9606	RNAfold	data/raw/rna/predicted_structures/rnafold_dbn/ENST00000441977_9606.dbn		-56.70	ViennaRNA:2.7.2	2026-04-12
ENST00000442284_9606	RNAfold	data/raw/rna/predicted_structures/rnafold_dbn/ENST00000442284_9606.dbn		-61.20	ViennaRNA:2.7.2	2026-04-12
ENST00000448370_9606	RNAfold	data/raw/rna/predicted_structures/rnafold_dbn/ENST00000448370_9606.dbn		-13.20	ViennaRNA:2.7.2	2026-04-12
ENST00000448732_9606	RNAfold	data/raw/rna/predicted_structures/rnafold_dbn/ENST00000448732_9606.dbn		-54.40	ViennaRNA:2.7.2	2026-04-12
ENST00000450293_9606	RNAfold	data/raw/rna/predicted_structures/rnafold_dbn/ENST00000450293_9606.dbn		-65.50	ViennaRNA:2.7.2	2026-04-12
ENST00000454283_9606	RNAfold	data/raw/rna/predicted_structures/rnafold_dbn/ENST00000454283_9606.dbn		-40.20	ViennaRNA:2.7.2	2026-04-12
ENST00000461282_9606	RNAfold	data/raw/rna/predicted_structures/rnafold_dbn/ENST00000461282_9606.dbn		-35.20	ViennaRNA:2.7.2	2026-04-12
ENST00000461368_9606	RNAfold	data/raw/rna/predicted_structures/rnafold_dbn/ENST00000461368_9606.dbn		-43.60	ViennaRNA:2.7.2	2026-04-12
ENST00000461578_9606	RNAfold	data/raw/rna/predicted_structures/rnafold_dbn/ENST00000461578_9606.dbn		-68.70	ViennaRNA:2.7.2	2026-04-12
ENST00000462038_9606	RNAfold	data/raw/rna/predicted_structures/rnafold_dbn/ENST00000462038_9606.dbn		-45.50	ViennaRNA:2.7.2	2026-04-12
ENST00000462181_9606	RNAfold	data/raw/rna/predicted_structures/rnafold_dbn/ENST00000462181_9606.dbn		-41.30	ViennaRNA:2.7.2	2026-04-12
ENST00000462604_9606	RNAfold	data/raw/rna/predicted_structures/rnafold_dbn/ENST00000462604_9606.dbn		-46.60	ViennaRNA:2.7.2	2026-04-12
ENST00000462613_9606	RNAfold	data/raw/rna/predicted_structures/rnafold_dbn/ENST00000462613_9606.dbn		-45.60	ViennaRNA:2.7.2	2026-04-12
ENST00000462728_9606	RNAfold	data/raw/rna/predicted_structures/rnafold_dbn/ENST00000462728_9606.dbn		-36.90	ViennaRNA:2.7.2	2026-04-12
ENST00000463770_9606	RNAfold	data/raw/rna/predicted_structures/rnafold_dbn/ENST00000463770_9606.dbn		-71.20	ViennaRNA:2.7.2	2026-04-12
ENST00000464223_9606	RNAfold	data/raw/rna/predicted_structures/rnafold_dbn/ENST00000464223_9606.dbn		-39.60	ViennaRNA:2.7.2	2026-04-12
ENST00000464404_9606	RNAfold	data/raw/rna/predicted_structures/rnafold_dbn/ENST00000464404_9606.dbn		-31.30	ViennaRNA:2.7.2	2026-04-12
ENST00000464579_9606	RNAfold	data/raw/rna/predicted_structures/rnafold_dbn/ENST00000464579_9606.dbn		-32.30	ViennaRNA:2.7.2	2026-04-12
ENST00000464822_9606	RNAfold	data/raw/rna/predicted_structures/rnafold_dbn/ENST00000464822_9606.dbn		-35.00	ViennaRNA:2.7.2	2026-04-12
ENST00000464956_9606	RNAfold	data/raw/rna/predicted_structures/rnafold_dbn/ENST00000464956_9606.dbn		-50.40	ViennaRNA:2.7.2	2026-04-12
ENST00000465346_9606	RNAfold	data/raw/rna/predicted_structures/rnafold_dbn/ENST00000465346_9606.dbn		-91.00	ViennaRNA:2.7.2	2026-04-12
ENST00000465768_9606	RNAfold	data/raw/rna/predicted_structures/rnafold_dbn/ENST00000465768_9606.dbn		-32.40	ViennaRNA:2.7.2	2026-04-12
ENST00000465841_9606	RNAfold	data/raw/rna/predicted_structures/rnafold_dbn/ENST00000465841_9606.dbn		-49.30	ViennaRNA:2.7.2	2026-04-12
ENST00000465853_9606	RNAfold	data/raw/rna/predicted_structures/rnafold_dbn/ENST00000465853_9606.dbn		-62.40	ViennaRNA:2.7.2	2026-04-12
ENST00000466020_9606	RNAfold	data/raw/rna/predicted_structures/rnafold_dbn/ENST00000466020_9606.dbn		-26.70	ViennaRNA:2.7.2	2026-04-12
ENST00000466214_9606	RNAfold	data/raw/rna/predicted_structures/rnafold_dbn/ENST00000466214_9606.dbn		-32.70	ViennaRNA:2.7.2	2026-04-12
ENST00000466913_9606	RNAfold	data/raw/rna/predicted_structures/rnafold_dbn/ENST00000466913_9606.dbn		-42.60	ViennaRNA:2.7.2	2026-04-12
ENST00000467383_9606	RNAfold	data/raw/rna/predicted_structures/rnafold_dbn/ENST00000467383_9606.dbn		-39.50	ViennaRNA:2.7.2	2026-04-12
ENST00000468347_9606	RNAfold	data/raw/rna/predicted_structures/rnafold_dbn/ENST00000468347_9606.dbn		-32.40	ViennaRNA:2.7.2	2026-04-12
ENST00000468503_9606	RNAfold	data/raw/rna/predicted_structures/rnafold_dbn/ENST00000468503_9606.dbn		-55.10	ViennaRNA:2.7.2	2026-04-12
ENST00000468813_9606	RNAfold	data/raw/rna/predicted_structures/rnafold_dbn/ENST00000468813_9606.dbn		-19.30	ViennaRNA:2.7.2	2026-04-12
ENST00000468931_9606	RNAfold	data/raw/rna/predicted_structures/rnafold_dbn/ENST00000468931_9606.dbn		-29.40	ViennaRNA:2.7.2	2026-04-12
ENST00000469652_9606	RNAfold	data/raw/rna/predicted_structures/rnafold_dbn/ENST00000469652_9606.dbn		-16.90	ViennaRNA:2.7.2	2026-04-12
ENST00000470555_9606	RNAfold	data/raw/rna/predicted_structures/rnafold_dbn/ENST00000470555_9606.dbn		-43.20	ViennaRNA:2.7.2	2026-04-12
ENST00000471081_9606	RNAfold	data/raw/rna/predicted_structures/rnafold_dbn/ENST00000471081_9606.dbn		-32.20	ViennaRNA:2.7.2	2026-04-12
ENST00000471242_9606	RNAfold	data/raw/rna/predicted_structures/rnafold_dbn/ENST00000471242_9606.dbn		-28.70	ViennaRNA:2.7.2	2026-04-12
ENST00000471444_9606	RNAfold	data/raw/rna/predicted_structures/rnafold_dbn/ENST00000471444_9606.dbn		-43.90	ViennaRNA:2.7.2	2026-04-12
ENST00000471637_9606	RNAfold	data/raw/rna/predicted_structures/rnafold_dbn/ENST00000471637_9606.dbn		-33.90	ViennaRNA:2.7.2	2026-04-12
ENST00000471970_9606	RNAfold	data/raw/rna/predicted_structures/rnafold_dbn/ENST00000471970_9606.dbn		-43.90	ViennaRNA:2.7.2	2026-04-12
ENST00000472848_9606	RNAfold	data/raw/rna/predicted_structures/rnafold_dbn/ENST00000472848_9606.dbn		-34.40	ViennaRNA:2.7.2	2026-04-12
ENST00000473775_9606	RNAfold	data/raw/rna/predicted_structures/rnafold_dbn/ENST00000473775_9606.dbn		-52.90	ViennaRNA:2.7.2	2026-04-12
ENST00000474101_9606	RNAfold	data/raw/rna/predicted_structures/rnafold_dbn/ENST00000474101_9606.dbn		-56.70	ViennaRNA:2.7.2	2026-04-12
ENST00000474326_9606	RNAfold	data/raw/rna/predicted_structures/rnafold_dbn/ENST00000474326_9606.dbn		-55.70	ViennaRNA:2.7.2	2026-04-12
ENST00000474357_9606	RNAfold	data/raw/rna/predicted_structures/rnafold_dbn/ENST00000474357_9606.dbn		-39.20	ViennaRNA:2.7.2	2026-04-12
ENST00000474506_9606	RNAfold	data/raw/rna/predicted_structures/rnafold_dbn/ENST00000474506_9606.dbn		-33.70	ViennaRNA:2.7.2	2026-04-12
ENST00000474695_9606	RNAfold	data/raw/rna/predicted_structures/rnafold_dbn/ENST00000474695_9606.dbn		-35.90	ViennaRNA:2.7.2	2026-04-12
ENST00000474702_9606	RNAfold	data/raw/rna/predicted_structures/rnafold_dbn/ENST00000474702_9606.dbn		-39.30	ViennaRNA:2.7.2	2026-04-12
ENST00000475286_9606	RNAfold	data/raw/rna/predicted_structures/rnafold_dbn/ENST00000475286_9606.dbn		-56.40	ViennaRNA:2.7.2	2026-04-12
ENST00000475746_9606	RNAfold	data/raw/rna/predicted_structures/rnafold_dbn/ENST00000475746_9606.dbn		-32.50	ViennaRNA:2.7.2	2026-04-12
ENST00000476218_9606	RNAfold	data/raw/rna/predicted_structures/rnafold_dbn/ENST00000476218_9606.dbn		-56.80	ViennaRNA:2.7.2	2026-04-12
ENST00000476240_9606	RNAfold	data/raw/rna/predicted_structures/rnafold_dbn/ENST00000476240_9606.dbn		-42.50	ViennaRNA:2.7.2	2026-04-12
ENST00000476267_9606	RNAfold	data/raw/rna/predicted_structures/rnafold_dbn/ENST00000476267_9606.dbn		-72.20	ViennaRNA:2.7.2	2026-04-12
ENST00000476654_9606	RNAfold	data/raw/rna/predicted_structures/rnafold_dbn/ENST00000476654_9606.dbn		-65.40	ViennaRNA:2.7.2	2026-04-12
ENST00000477243_9606	RNAfold	data/raw/rna/predicted_structures/rnafold_dbn/ENST00000477243_9606.dbn		-36.20	ViennaRNA:2.7.2	2026-04-12
ENST00000477653_9606	RNAfold	data/raw/rna/predicted_structures/rnafold_dbn/ENST00000477653_9606.dbn		-48.10	ViennaRNA:2.7.2	2026-04-12
ENST00000478075_9606	RNAfold	data/raw/rna/predicted_structures/rnafold_dbn/ENST00000478075_9606.dbn		-34.20	ViennaRNA:2.7.2	2026-04-12
ENST00000478276_9606	RNAfold	data/raw/rna/predicted_structures/rnafold_dbn/ENST00000478276_9606.dbn		-39.40	ViennaRNA:2.7.2	2026-04-12
ENST00000478421_9606	RNAfold	data/raw/rna/predicted_structures/rnafold_dbn/ENST00000478421_9606.dbn		-26.10	ViennaRNA:2.7.2	2026-04-12
ENST00000478662_9606	RNAfold	data/raw/rna/predicted_structures/rnafold_dbn/ENST00000478662_9606.dbn		-35.50	ViennaRNA:2.7.2	2026-04-12
ENST00000479450_9606	RNAfold	data/raw/rna/predicted_structures/rnafold_dbn/ENST00000479450_9606.dbn		-60.90	ViennaRNA:2.7.2	2026-04-12
ENST00000479634_9606	RNAfold	data/raw/rna/predicted_structures/rnafold_dbn/ENST00000479634_9606.dbn		-51.80	ViennaRNA:2.7.2	2026-04-12
ENST00000479817_9606	RNAfold	data/raw/rna/predicted_structures/rnafold_dbn/ENST00000479817_9606.dbn		-44.80	ViennaRNA:2.7.2	2026-04-12
ENST00000479843_9606	RNAfold	data/raw/rna/predicted_structures/rnafold_dbn/ENST00000479843_9606.dbn		-35.70	ViennaRNA:2.7.2	2026-04-12
ENST00000480207_9606	RNAfold	data/raw/rna/predicted_structures/rnafold_dbn/ENST00000480207_9606.dbn		-60.20	ViennaRNA:2.7.2	2026-04-12
ENST00000480415_9606	RNAfold	data/raw/rna/predicted_structures/rnafold_dbn/ENST00000480415_9606.dbn		-59.90	ViennaRNA:2.7.2	2026-04-12
ENST00000480645_9606	RNAfold	data/raw/rna/predicted_structures/rnafold_dbn/ENST00000480645_9606.dbn		-40.80	ViennaRNA:2.7.2	2026-04-12
ENST00000480741_9606	RNAfold	data/raw/rna/predicted_structures/rnafold_dbn/ENST00000480741_9606.dbn		-54.40	ViennaRNA:2.7.2	2026-04-12
ENST00000480888_9606	RNAfold	data/raw/rna/predicted_structures/rnafold_dbn/ENST00000480888_9606.dbn		-54.30	ViennaRNA:2.7.2	2026-04-12
ENST00000482021_9606	RNAfold	data/raw/rna/predicted_structures/rnafold_dbn/ENST00000482021_9606.dbn		-65.50	ViennaRNA:2.7.2	2026-04-12
ENST00000482228_9606	RNAfold	data/raw/rna/predicted_structures/rnafold_dbn/ENST00000482228_9606.dbn		-37.90	ViennaRNA:2.7.2	2026-04-12
ENST00000482946_9606	RNAfold	data/raw/rna/predicted_structures/rnafold_dbn/ENST00000482946_9606.dbn		-42.00	ViennaRNA:2.7.2	2026-04-12
ENST00000483380_9606	RNAfold	data/raw/rna/predicted_structures/rnafold_dbn/ENST00000483380_9606.dbn		-79.10	ViennaRNA:2.7.2	2026-04-12
ENST00000483935_9606	RNAfold	data/raw/rna/predicted_structures/rnafold_dbn/ENST00000483935_9606.dbn		-36.50	ViennaRNA:2.7.2	2026-04-12
ENST00000484035_9606	RNAfold	data/raw/rna/predicted_structures/rnafold_dbn/ENST00000484035_9606.dbn		-37.60	ViennaRNA:2.7.2	2026-04-12
ENST00000484486_9606	RNAfold	data/raw/rna/predicted_structures/rnafold_dbn/ENST00000484486_9606.dbn		-54.00	ViennaRNA:2.7.2	2026-04-12
ENST00000484627_9606	RNAfold	data/raw/rna/predicted_structures/rnafold_dbn/ENST00000484627_9606.dbn		-49.30	ViennaRNA:2.7.2	2026-04-12
ENST00000485930_9606	RNAfold	data/raw/rna/predicted_structures/rnafold_dbn/ENST00000485930_9606.dbn		-37.20	ViennaRNA:2.7.2	2026-04-12
ENST00000486006_9606	RNAfold	data/raw/rna/predicted_structures/rnafold_dbn/ENST00000486006_9606.dbn		-43.00	ViennaRNA:2.7.2	2026-04-12
ENST00000486068_9606	RNAfold	data/raw/rna/predicted_structures/rnafold_dbn/ENST00000486068_9606.dbn		-25.20	ViennaRNA:2.7.2	2026-04-12
ENST00000486219_9606	RNAfold	data/raw/rna/predicted_structures/rnafold_dbn/ENST00000486219_9606.dbn		-37.40	ViennaRNA:2.7.2	2026-04-12
ENST00000488161_9606	RNAfold	data/raw/rna/predicted_structures/rnafold_dbn/ENST00000488161_9606.dbn		-37.90	ViennaRNA:2.7.2	2026-04-12
ENST00000488343_9606	RNAfold	data/raw/rna/predicted_structures/rnafold_dbn/ENST00000488343_9606.dbn		-60.10	ViennaRNA:2.7.2	2026-04-12
ENST00000490031_9606	RNAfold	data/raw/rna/predicted_structures/rnafold_dbn/ENST00000490031_9606.dbn		-48.20	ViennaRNA:2.7.2	2026-04-12
ENST00000490121_9606	RNAfold	data/raw/rna/predicted_structures/rnafold_dbn/ENST00000490121_9606.dbn		-53.20	ViennaRNA:2.7.2	2026-04-12
ENST00000490378_9606	RNAfold	data/raw/rna/predicted_structures/rnafold_dbn/ENST00000490378_9606.dbn		-53.60	ViennaRNA:2.7.2	2026-04-12
ENST00000490959_9606	RNAfold	data/raw/rna/predicted_structures/rnafold_dbn/ENST00000490959_9606.dbn		-61.50	ViennaRNA:2.7.2	2026-04-12
ENST00000491170_9606	RNAfold	data/raw/rna/predicted_structures/rnafold_dbn/ENST00000491170_9606.dbn		-40.40	ViennaRNA:2.7.2	2026-04-12
ENST00000491220_9606	RNAfold	data/raw/rna/predicted_structures/rnafold_dbn/ENST00000491220_9606.dbn		-57.50	ViennaRNA:2.7.2	2026-04-12
ENST00000491868_9606	RNAfold	data/raw/rna/predicted_structures/rnafold_dbn/ENST00000491868_9606.dbn		-41.30	ViennaRNA:2.7.2	2026-04-12
ENST00000492426_9606	RNAfold	data/raw/rna/predicted_structures/rnafold_dbn/ENST00000492426_9606.dbn		-36.40	ViennaRNA:2.7.2	2026-04-12
ENST00000492510_9606	RNAfold	data/raw/rna/predicted_structures/rnafold_dbn/ENST00000492510_9606.dbn		-46.90	ViennaRNA:2.7.2	2026-04-12
ENST00000492554_9606	RNAfold	data/raw/rna/predicted_structures/rnafold_dbn/ENST00000492554_9606.dbn		-44.10	ViennaRNA:2.7.2	2026-04-12
ENST00000493552_9606	RNAfold	data/raw/rna/predicted_structures/rnafold_dbn/ENST00000493552_9606.dbn		-27.00	ViennaRNA:2.7.2	2026-04-12
ENST00000493596_9606	RNAfold	data/raw/rna/predicted_structures/rnafold_dbn/ENST00000493596_9606.dbn		-64.50	ViennaRNA:2.7.2	2026-04-12
ENST00000494015_9606	RNAfold	data/raw/rna/predicted_structures/rnafold_dbn/ENST00000494015_9606.dbn		-38.70	ViennaRNA:2.7.2	2026-04-12
ENST00000494403_9606	RNAfold	data/raw/rna/predicted_structures/rnafold_dbn/ENST00000494403_9606.dbn		-52.50	ViennaRNA:2.7.2	2026-04-12
ENST00000494654_9606	RNAfold	data/raw/rna/predicted_structures/rnafold_dbn/ENST00000494654_9606.dbn		-40.10	ViennaRNA:2.7.2	2026-04-12
ENST00000494789_9606	RNAfold	data/raw/rna/predicted_structures/rnafold_dbn/ENST00000494789_9606.dbn		-45.70	ViennaRNA:2.7.2	2026-04-12
ENST00000495099_9606	RNAfold	data/raw/rna/predicted_structures/rnafold_dbn/ENST00000495099_9606.dbn		-67.70	ViennaRNA:2.7.2	2026-04-12
ENST00000495475_9606	RNAfold	data/raw/rna/predicted_structures/rnafold_dbn/ENST00000495475_9606.dbn		-57.50	ViennaRNA:2.7.2	2026-04-12
ENST00000495507_9606	RNAfold	data/raw/rna/predicted_structures/rnafold_dbn/ENST00000495507_9606.dbn		-29.10	ViennaRNA:2.7.2	2026-04-12
ENST00000495715_9606	RNAfold	data/raw/rna/predicted_structures/rnafold_dbn/ENST00000495715_9606.dbn		-35.60	ViennaRNA:2.7.2	2026-04-12
ENST00000495808_9606	RNAfold	data/raw/rna/predicted_structures/rnafold_dbn/ENST00000495808_9606.dbn		-52.50	ViennaRNA:2.7.2	2026-04-12
ENST00000495824_9606	RNAfold	data/raw/rna/predicted_structures/rnafold_dbn/ENST00000495824_9606.dbn		-59.40	ViennaRNA:2.7.2	2026-04-12
ENST00000496581_9606	RNAfold	data/raw/rna/predicted_structures/rnafold_dbn/ENST00000496581_9606.dbn		-54.10	ViennaRNA:2.7.2	2026-04-12
ENST00000496904_9606	RNAfold	data/raw/rna/predicted_structures/rnafold_dbn/ENST00000496904_9606.dbn		-52.60	ViennaRNA:2.7.2	2026-04-12
ENST00000496926_9606	RNAfold	data/raw/rna/predicted_structures/rnafold_dbn/ENST00000496926_9606.dbn		-65.20	ViennaRNA:2.7.2	2026-04-12
ENST00000496938_9606	RNAfold	data/raw/rna/predicted_structures/rnafold_dbn/ENST00000496938_9606.dbn		-61.40	ViennaRNA:2.7.2	2026-04-12
ENST00000497018_9606	RNAfold	data/raw/rna/predicted_structures/rnafold_dbn/ENST00000497018_9606.dbn		-49.10	ViennaRNA:2.7.2	2026-04-12
ENST00000497064_9606	RNAfold	data/raw/rna/predicted_structures/rnafold_dbn/ENST00000497064_9606.dbn		-43.90	ViennaRNA:2.7.2	2026-04-12
ENST00000497072_9606	RNAfold	data/raw/rna/predicted_structures/rnafold_dbn/ENST00000497072_9606.dbn		-65.20	ViennaRNA:2.7.2	2026-04-12
ENST00000497185_9606	RNAfold	data/raw/rna/predicted_structures/rnafold_dbn/ENST00000497185_9606.dbn		-19.60	ViennaRNA:2.7.2	2026-04-12
ENST00000497829_9606	RNAfold	data/raw/rna/predicted_structures/rnafold_dbn/ENST00000497829_9606.dbn		-31.50	ViennaRNA:2.7.2	2026-04-12
ENST00000498118_9606	RNAfold	data/raw/rna/predicted_structures/rnafold_dbn/ENST00000498118_9606.dbn		-60.30	ViennaRNA:2.7.2	2026-04-12
ENST00000498552_9606	RNAfold	data/raw/rna/predicted_structures/rnafold_dbn/ENST00000498552_9606.dbn		-35.30	ViennaRNA:2.7.2	2026-04-12
ENST00000503398_9606	RNAfold	data/raw/rna/predicted_structures/rnafold_dbn/ENST00000503398_9606.dbn		-29.80	ViennaRNA:2.7.2	2026-04-12
ENST00000504559_9606	RNAfold	data/raw/rna/predicted_structures/rnafold_dbn/ENST00000504559_9606.dbn		-70.30	ViennaRNA:2.7.2	2026-04-12
ENST00000506825_9606	RNAfold	data/raw/rna/predicted_structures/rnafold_dbn/ENST00000506825_9606.dbn		-54.90	ViennaRNA:2.7.2	2026-04-12
ENST00000506874_9606	RNAfold	data/raw/rna/predicted_structures/rnafold_dbn/ENST00000506874_9606.dbn		-77.70	ViennaRNA:2.7.2	2026-04-12
ENST00000507578_9606	RNAfold	data/raw/rna/predicted_structures/rnafold_dbn/ENST00000507578_9606.dbn		-45.20	ViennaRNA:2.7.2	2026-04-12
ENST00000507727_9606	RNAfold	data/raw/rna/predicted_structures/rnafold_dbn/ENST00000507727_9606.dbn		-38.40	ViennaRNA:2.7.2	2026-04-12
ENST00000508536_9606	RNAfold	data/raw/rna/predicted_structures/rnafold_dbn/ENST00000508536_9606.dbn		-32.70	ViennaRNA:2.7.2	2026-04-12
ENST00000508734_9606	RNAfold	data/raw/rna/predicted_structures/rnafold_dbn/ENST00000508734_9606.dbn		-52.50	ViennaRNA:2.7.2	2026-04-12
ENST00000509561_9606	RNAfold	data/raw/rna/predicted_structures/rnafold_dbn/ENST00000509561_9606.dbn		-36.70	ViennaRNA:2.7.2	2026-04-12
ENST00000509764_9606	RNAfold	data/raw/rna/predicted_structures/rnafold_dbn/ENST00000509764_9606.dbn		-38.50	ViennaRNA:2.7.2	2026-04-12
ENST00000509778_9606	RNAfold	data/raw/rna/predicted_structures/rnafold_dbn/ENST00000509778_9606.dbn		-62.80	ViennaRNA:2.7.2	2026-04-12
ENST00000509897_9606	RNAfold	data/raw/rna/predicted_structures/rnafold_dbn/ENST00000509897_9606.dbn		-23.70	ViennaRNA:2.7.2	2026-04-12
ENST00000510427_9606	RNAfold	data/raw/rna/predicted_structures/rnafold_dbn/ENST00000510427_9606.dbn		-56.20	ViennaRNA:2.7.2	2026-04-12
ENST00000510528_9606	RNAfold	data/raw/rna/predicted_structures/rnafold_dbn/ENST00000510528_9606.dbn		-42.50	ViennaRNA:2.7.2	2026-04-12
ENST00000510578_9606	RNAfold	data/raw/rna/predicted_structures/rnafold_dbn/ENST00000510578_9606.dbn		-43.80	ViennaRNA:2.7.2	2026-04-12
ENST00000511997_9606	RNAfold	data/raw/rna/predicted_structures/rnafold_dbn/ENST00000511997_9606.dbn		-30.10	ViennaRNA:2.7.2	2026-04-12
ENST00000513514_9606	RNAfold	data/raw/rna/predicted_structures/rnafold_dbn/ENST00000513514_9606.dbn		-61.60	ViennaRNA:2.7.2	2026-04-12
ENST00000513709_9606	RNAfold	data/raw/rna/predicted_structures/rnafold_dbn/ENST00000513709_9606.dbn		-70.80	ViennaRNA:2.7.2	2026-04-12
ENST00000513720_9606	RNAfold	data/raw/rna/predicted_structures/rnafold_dbn/ENST00000513720_9606.dbn		-46.80	ViennaRNA:2.7.2	2026-04-12
ENST00000514155_9606	RNAfold	data/raw/rna/predicted_structures/rnafold_dbn/ENST00000514155_9606.dbn		-26.20	ViennaRNA:2.7.2	2026-04-12
ENST00000514868_9606	RNAfold	data/raw/rna/predicted_structures/rnafold_dbn/ENST00000514868_9606.dbn		-35.60	ViennaRNA:2.7.2	2026-04-12
ENST00000518058_9606	RNAfold	data/raw/rna/predicted_structures/rnafold_dbn/ENST00000518058_9606.dbn		-69.60	ViennaRNA:2.7.2	2026-04-12
ENST00000518728_9606	RNAfold	data/raw/rna/predicted_structures/rnafold_dbn/ENST00000518728_9606.dbn		-28.50	ViennaRNA:2.7.2	2026-04-12
ENST00000519090_9606	RNAfold	data/raw/rna/predicted_structures/rnafold_dbn/ENST00000519090_9606.dbn		-31.20	ViennaRNA:2.7.2	2026-04-12
ENST00000519184_9606	RNAfold	data/raw/rna/predicted_structures/rnafold_dbn/ENST00000519184_9606.dbn		-68.50	ViennaRNA:2.7.2	2026-04-12
ENST00000520039_9606	RNAfold	data/raw/rna/predicted_structures/rnafold_dbn/ENST00000520039_9606.dbn		-44.50	ViennaRNA:2.7.2	2026-04-12
ENST00000520505_9606	RNAfold	data/raw/rna/predicted_structures/rnafold_dbn/ENST00000520505_9606.dbn		-53.10	ViennaRNA:2.7.2	2026-04-12
ENST00000521235_9606	RNAfold	data/raw/rna/predicted_structures/rnafold_dbn/ENST00000521235_9606.dbn		-70.30	ViennaRNA:2.7.2	2026-04-12
ENST00000521816_9606	RNAfold	data/raw/rna/predicted_structures/rnafold_dbn/ENST00000521816_9606.dbn		-21.30	ViennaRNA:2.7.2	2026-04-12
ENST00000521949_9606	RNAfold	data/raw/rna/predicted_structures/rnafold_dbn/ENST00000521949_9606.dbn		-31.40	ViennaRNA:2.7.2	2026-04-12
ENST00000522585_9606	RNAfold	data/raw/rna/predicted_structures/rnafold_dbn/ENST00000522585_9606.dbn		-18.70	ViennaRNA:2.7.2	2026-04-12
ENST00000522932_9606	RNAfold	data/raw/rna/predicted_structures/rnafold_dbn/ENST00000522932_9606.dbn		-56.30	ViennaRNA:2.7.2	2026-04-12
ENST00000523132_9606	RNAfold	data/raw/rna/predicted_structures/rnafold_dbn/ENST00000523132_9606.dbn		-35.50	ViennaRNA:2.7.2	2026-04-12
ENST00000523136_9606	RNAfold	data/raw/rna/predicted_structures/rnafold_dbn/ENST00000523136_9606.dbn		-49.10	ViennaRNA:2.7.2	2026-04-12
ENST00000523680_9606	RNAfold	data/raw/rna/predicted_structures/rnafold_dbn/ENST00000523680_9606.dbn		-26.00	ViennaRNA:2.7.2	2026-04-12
ENST00000524177_9606	RNAfold	data/raw/rna/predicted_structures/rnafold_dbn/ENST00000524177_9606.dbn		-43.70	ViennaRNA:2.7.2	2026-04-12
ENST00000524322_9606	RNAfold	data/raw/rna/predicted_structures/rnafold_dbn/ENST00000524322_9606.dbn		-58.10	ViennaRNA:2.7.2	2026-04-12
ENST00000524954_9606	RNAfold	data/raw/rna/predicted_structures/rnafold_dbn/ENST00000524954_9606.dbn		-63.50	ViennaRNA:2.7.2	2026-04-12
ENST00000525554_9606	RNAfold	data/raw/rna/predicted_structures/rnafold_dbn/ENST00000525554_9606.dbn		-25.90	ViennaRNA:2.7.2	2026-04-12
ENST00000526287_9606	RNAfold	data/raw/rna/predicted_structures/rnafold_dbn/ENST00000526287_9606.dbn		-32.70	ViennaRNA:2.7.2	2026-04-12
ENST00000526665_9606	RNAfold	data/raw/rna/predicted_structures/rnafold_dbn/ENST00000526665_9606.dbn		-36.00	ViennaRNA:2.7.2	2026-04-12
ENST00000526932_9606	RNAfold	data/raw/rna/predicted_structures/rnafold_dbn/ENST00000526932_9606.dbn		-35.80	ViennaRNA:2.7.2	2026-04-12
ENST00000527105_9606	RNAfold	data/raw/rna/predicted_structures/rnafold_dbn/ENST00000527105_9606.dbn		-30.10	ViennaRNA:2.7.2	2026-04-12
ENST00000527736_9606	RNAfold	data/raw/rna/predicted_structures/rnafold_dbn/ENST00000527736_9606.dbn		-63.70	ViennaRNA:2.7.2	2026-04-12
ENST00000528433_9606	RNAfold	data/raw/rna/predicted_structures/rnafold_dbn/ENST00000528433_9606.dbn		-54.90	ViennaRNA:2.7.2	2026-04-12
ENST00000528547_9606	RNAfold	data/raw/rna/predicted_structures/rnafold_dbn/ENST00000528547_9606.dbn		-48.80	ViennaRNA:2.7.2	2026-04-12
ENST00000530242_9606	RNAfold	data/raw/rna/predicted_structures/rnafold_dbn/ENST00000530242_9606.dbn		-31.10	ViennaRNA:2.7.2	2026-04-12
ENST00000530488_9606	RNAfold	data/raw/rna/predicted_structures/rnafold_dbn/ENST00000530488_9606.dbn		-35.50	ViennaRNA:2.7.2	2026-04-12
ENST00000530787_9606	RNAfold	data/raw/rna/predicted_structures/rnafold_dbn/ENST00000530787_9606.dbn		-37.90	ViennaRNA:2.7.2	2026-04-12
ENST00000530843_9606	RNAfold	data/raw/rna/predicted_structures/rnafold_dbn/ENST00000530843_9606.dbn		-45.90	ViennaRNA:2.7.2	2026-04-12
ENST00000530888_9606	RNAfold	data/raw/rna/predicted_structures/rnafold_dbn/ENST00000530888_9606.dbn		-69.20	ViennaRNA:2.7.2	2026-04-12
ENST00000530922_9606	RNAfold	data/raw/rna/predicted_structures/rnafold_dbn/ENST00000530922_9606.dbn		-67.40	ViennaRNA:2.7.2	2026-04-12
ENST00000531106_9606	RNAfold	data/raw/rna/predicted_structures/rnafold_dbn/ENST00000531106_9606.dbn		-58.00	ViennaRNA:2.7.2	2026-04-12
ENST00000533921_9606	RNAfold	data/raw/rna/predicted_structures/rnafold_dbn/ENST00000533921_9606.dbn		-45.80	ViennaRNA:2.7.2	2026-04-12
ENST00000534063_9606	RNAfold	data/raw/rna/predicted_structures/rnafold_dbn/ENST00000534063_9606.dbn		-35.00	ViennaRNA:2.7.2	2026-04-12
ENST00000534566_9606	RNAfold	data/raw/rna/predicted_structures/rnafold_dbn/ENST00000534566_9606.dbn		-59.30	ViennaRNA:2.7.2	2026-04-12
ENST00000534605_9606	RNAfold	data/raw/rna/predicted_structures/rnafold_dbn/ENST00000534605_9606.dbn		-39.60	ViennaRNA:2.7.2	2026-04-12
ENST00000535721_9606	RNAfold	data/raw/rna/predicted_structures/rnafold_dbn/ENST00000535721_9606.dbn		-58.30	ViennaRNA:2.7.2	2026-04-12
ENST00000539443_9606	RNAfold	data/raw/rna/predicted_structures/rnafold_dbn/ENST00000539443_9606.dbn		-37.10	ViennaRNA:2.7.2	2026-04-12
ENST00000539671_9606	RNAfold	data/raw/rna/predicted_structures/rnafold_dbn/ENST00000539671_9606.dbn		-58.10	ViennaRNA:2.7.2	2026-04-12
ENST00000540183_9606	RNAfold	data/raw/rna/predicted_structures/rnafold_dbn/ENST00000540183_9606.dbn		-56.60	ViennaRNA:2.7.2	2026-04-12
ENST00000540473_9606	RNAfold	data/raw/rna/predicted_structures/rnafold_dbn/ENST00000540473_9606.dbn		-43.60	ViennaRNA:2.7.2	2026-04-12
ENST00000540548_9606	RNAfold	data/raw/rna/predicted_structures/rnafold_dbn/ENST00000540548_9606.dbn		-77.70	ViennaRNA:2.7.2	2026-04-12
ENST00000541938_9606	RNAfold	data/raw/rna/predicted_structures/rnafold_dbn/ENST00000541938_9606.dbn		-72.20	ViennaRNA:2.7.2	2026-04-12
ENST00000541945_9606	RNAfold	data/raw/rna/predicted_structures/rnafold_dbn/ENST00000541945_9606.dbn		-30.90	ViennaRNA:2.7.2	2026-04-12
ENST00000542021_9606	RNAfold	data/raw/rna/predicted_structures/rnafold_dbn/ENST00000542021_9606.dbn		-41.00	ViennaRNA:2.7.2	2026-04-12
ENST00000543019_9606	RNAfold	data/raw/rna/predicted_structures/rnafold_dbn/ENST00000543019_9606.dbn		-45.00	ViennaRNA:2.7.2	2026-04-12
ENST00000544501_9606	RNAfold	data/raw/rna/predicted_structures/rnafold_dbn/ENST00000544501_9606.dbn		-45.30	ViennaRNA:2.7.2	2026-04-12
ENST00000545034_9606	RNAfold	data/raw/rna/predicted_structures/rnafold_dbn/ENST00000545034_9606.dbn		-46.80	ViennaRNA:2.7.2	2026-04-12
ENST00000547200_9606	RNAfold	data/raw/rna/predicted_structures/rnafold_dbn/ENST00000547200_9606.dbn		-43.80	ViennaRNA:2.7.2	2026-04-12
ENST00000547299_9606	RNAfold	data/raw/rna/predicted_structures/rnafold_dbn/ENST00000547299_9606.dbn		-51.30	ViennaRNA:2.7.2	2026-04-12
ENST00000547463_9606	RNAfold	data/raw/rna/predicted_structures/rnafold_dbn/ENST00000547463_9606.dbn		-45.20	ViennaRNA:2.7.2	2026-04-12
